Source,Target
NegrisolliF rt(77),Will9_ rt(115)
NegrisolliF rt(77),danielnoticia79 rt(105)
NegrisolliF rt(77),jufreitasss rt(950)
NegrisolliF rt(77),TeresaIanino4 rt(59)
NegrisolliF rt(77),rezarzuela rt(329)
NegrisolliF rt(77),porquenolecreo rt(4)
NegrisolliF rt(77),emandeb rt(2)
NegrisolliF rt(77),CarollinaRosa rt(53)
NegrisolliF rt(77),silvanacampanho rt(442)
NegrisolliF rt(77),agneskz rt(324)
NegrisolliF rt(77),Paivasil rt(324)
NegrisolliF rt(77),motter_ja rt(452)
NegrisolliF rt(77),Luiz_Brunozi rt(941)
NegrisolliF rt(77),dwpales rt(72)
NegrisolliF rt(77),Luciano7667 rt(324)
NegrisolliF rt(77),Danieledcb rt(318)
NegrisolliF rt(77),redsonmello rt(56)
NegrisolliF rt(77),vivimuzza rt(483)
NegrisolliF rt(77),LulaParaSempre rt(324)
NegrisolliF rt(77),pt90459313 rt(0)
NegrisolliF rt(77),analuciavieira rt(59)
NegrisolliF rt(77),Elizabe54613335 rt(7)
NegrisolliF rt(77),Jaimme20 rt(378)
NegrisolliF rt(77),Marioteweet rt(0)
NegrisolliF rt(77),LciaPontes1 rt(40)
LVol55 rt(2),lane_santos rt(88)
LVol55 rt(2),mas__junior rt(866)
LVol55 rt(2),iolieheliane2 rt(2)
LVol55 rt(2),Cassunungarosa rt(6)
LVol55 rt(2),mariamo43423097 rt(1)
LVol55 rt(2),srodriguezrey rt(0)
LVol55 rt(2),Matheus49315887 rt(300)
LVol55 rt(2),LuciaSeffrinMar rt(12)
LVol55 rt(2),diamantarusso rt(0)
LVol55 rt(2),SoniaFranchin rt(866)
LVol55 rt(2),fabioacr rt(2192)
LVol55 rt(2),LciaPontes1 rt(85)
LVol55 rt(2),iscoelho5046 rt(193)
LVol55 rt(2),Maxmalaguez rt(0)
LVol55 rt(2),agneskz rt(324)
LVol55 rt(2),Elizabe20158165 rt(1870)
LVol55 rt(2),Paivasil rt(324)
LVol55 rt(2),motter_ja rt(452)
LVol55 rt(2),Luciano7667 rt(324)
LVol55 rt(2),jeffao_ctba rt(866)
LVol55 rt(2),LulaParaSempre rt(324)
LVol55 rt(2),pt90459313 rt(0)
LVol55 rt(2),LciaPontes1 rt(40)
Auber_Brasil rt(217),lane_santos rt(88)
Auber_Brasil rt(217),rmatosaw rt(3)
Auber_Brasil rt(217),EmersonChagas10 rt(0)
Auber_Brasil rt(217),agneskz rt(324)
Auber_Brasil rt(217),Paivasil rt(324)
Auber_Brasil rt(217),Luciano7667 rt(324)
Auber_Brasil rt(217),LulaParaSempre rt(324)
lane_santos rt(88),pauldylao rt(0)
lane_santos rt(88),ceciba05 rt(4)
lane_santos rt(88),CCSilva1965 rt(0)
lane_santos rt(88),MatiGarrafa rt(319)
lane_santos rt(88),mariamo43423097 rt(1)
lane_santos rt(88),ElaineG16 rt(3)
lane_santos rt(88),srodriguezrey rt(0)
lane_santos rt(88),NessaGamboa rt(55)
lane_santos rt(88),milenereis rt(58)
lane_santos rt(88),Matheus49315887 rt(300)
lane_santos rt(88),acsa100 rt(0)
lane_santos rt(88),mariopgtu rt(0)
lane_santos rt(88),ivomarcelino rt(3)
lane_santos rt(88),LuciaSeffrinMar rt(12)
lane_santos rt(88),diamantarusso rt(0)
lane_santos rt(88),JoseVel89010744 rt(0)
lane_santos rt(88),Marga1Marga rt(196)
lane_santos rt(88),ihbela rt(9023)
lane_santos rt(88),rmatosaw rt(3)
lane_santos rt(88),jisbarba rt(0)
lane_santos rt(88),gustavonunesrio rt(16)
lane_santos rt(88),josetomazfilho rt(0)
lane_santos rt(88),TeresaIanino4 rt(59)
lane_santos rt(88),luindarkness rt(1)
lane_santos rt(88),cauportela rt(58)
lane_santos rt(88),ViniciusNikolod rt(0)
lane_santos rt(88),KumpaLili rt(42)
lane_santos rt(88),mariaggomes461 rt(26)
lane_santos rt(88),emandeb rt(2)
lane_santos rt(88),HumiMadalena rt(178)
lane_santos rt(88),PatrialivreBras rt(106)
lane_santos rt(88),francildap13 rt(106)
lane_santos rt(88),Cassunungarosa rt(2)
lane_santos rt(88),iolieheliane2 rt(8)
lane_santos rt(88),alvriotw rt(26)
lane_santos rt(88),analuciavieira rt(59)
lane_santos rt(88),vldrag rt(7)
lane_santos rt(88),Elizabe54613335 rt(7)
lane_santos rt(88),PelaDemocracia1 rt(16)
lane_santos rt(88),ClauCravo rt(0)
lane_santos rt(88),Marioteweet rt(0)
lane_santos rt(88),carlospiqueta rt(5)
pauldylao rt(0),ceciba05 rt(4)
pauldylao rt(0),CCSilva1965 rt(0)
pauldylao rt(0),MatiGarrafa rt(319)
pauldylao rt(0),mariamo43423097 rt(1)
pauldylao rt(0),ElaineG16 rt(3)
pauldylao rt(0),srodriguezrey rt(0)
pauldylao rt(0),NessaGamboa rt(55)
pauldylao rt(0),milenereis rt(58)
pauldylao rt(0),Matheus49315887 rt(300)
pauldylao rt(0),acsa100 rt(0)
pauldylao rt(0),mariopgtu rt(0)
pauldylao rt(0),ivomarcelino rt(3)
pauldylao rt(0),LuciaSeffrinMar rt(12)
pauldylao rt(0),diamantarusso rt(0)
pauldylao rt(0),JoseVel89010744 rt(0)
pauldylao rt(0),ihbela rt(9023)
pauldylao rt(0),rmatosaw rt(3)
pauldylao rt(0),jisbarba rt(0)
pauldylao rt(0),gustavonunesrio rt(16)
pauldylao rt(0),josetomazfilho rt(0)
pauldylao rt(0),TeresaIanino4 rt(59)
pauldylao rt(0),luindarkness rt(1)
pauldylao rt(0),cauportela rt(58)
pauldylao rt(0),ViniciusNikolod rt(0)
pauldylao rt(0),KumpaLili rt(42)
pauldylao rt(0),mariaggomes461 rt(26)
pauldylao rt(0),emandeb rt(2)
pauldylao rt(0),CarollinaRosa rt(53)
pauldylao rt(0),HumiMadalena rt(178)
pauldylao rt(0),PatrialivreBras rt(106)
pauldylao rt(0),francildap13 rt(106)
pauldylao rt(0),Cassunungarosa rt(2)
pauldylao rt(0),iolieheliane2 rt(8)
pauldylao rt(0),alvriotw rt(26)
pauldylao rt(0),redsonmello rt(56)
pauldylao rt(0),analuciavieira rt(59)
pauldylao rt(0),vldrag rt(7)
pauldylao rt(0),Elizabe54613335 rt(7)
pauldylao rt(0),PelaDemocracia1 rt(16)
pauldylao rt(0),ClauCravo rt(0)
pauldylao rt(0),Marioteweet rt(0)
pauldylao rt(0),carlospiqueta rt(5)
pauldylao rt(0),professorcirino rt(121)
mas__junior rt(866),Cassunungarosa rt(6)
mas__junior rt(866),mariamo43423097 rt(1)
mas__junior rt(866),ElaineG16 rt(3)
mas__junior rt(866),luindarkness rt(154)
mas__junior rt(866),srodriguezrey rt(0)
mas__junior rt(866),elimarfotografo rt(0)
mas__junior rt(866),milenereis rt(58)
mas__junior rt(866),Matheus49315887 rt(300)
mas__junior rt(866),ivomarcelino rt(3)
mas__junior rt(866),LuciaSeffrinMar rt(12)
mas__junior rt(866),diamantarusso rt(0)
mas__junior rt(866),ihbela rt(9023)
mas__junior rt(866),rmatosaw rt(3)
mas__junior rt(866),jisbarba rt(0)
mas__junior rt(866),gustavonunesrio rt(16)
mas__junior rt(866),josetomazfilho rt(0)
mas__junior rt(866),EmersonChagas10 rt(0)
mas__junior rt(866),ZakkAlex rt(0)
mas__junior rt(866),fabioacr rt(2192)
mas__junior rt(866),LciaPontes1 rt(85)
mas__junior rt(866),TeresaIanino4 rt(59)
mas__junior rt(866),liviasoares04 rt(8)
mas__junior rt(866),rezarzuela rt(329)
mas__junior rt(866),luindarkness rt(1)
mas__junior rt(866),cauportela rt(58)
mas__junior rt(866),iscoelho5046 rt(193)
mas__junior rt(866),KumpaLili rt(42)
mas__junior rt(866),mariaggomes461 rt(26)
mas__junior rt(866),emandeb rt(2)
mas__junior rt(866),CarollinaRosa rt(53)
mas__junior rt(866),HumiMadalena rt(178)
mas__junior rt(866),PatrialivreBras rt(106)
mas__junior rt(866),francildap13 rt(106)
mas__junior rt(866),Maxmalaguez rt(0)
mas__junior rt(866),silvanacampanho rt(442)
mas__junior rt(866),agneskz rt(324)
mas__junior rt(866),Elizabe20158165 rt(1870)
mas__junior rt(866),iolieheliane2 rt(8)
mas__junior rt(866),Paivasil rt(324)
mas__junior rt(866),motter_ja rt(452)
mas__junior rt(866),Luciano7667 rt(324)
mas__junior rt(866),vivimuzza rt(483)
mas__junior rt(866),LulaParaSempre rt(324)
mas__junior rt(866),pt90459313 rt(0)
mas__junior rt(866),analuciavieira rt(59)
mas__junior rt(866),vldrag rt(7)
mas__junior rt(866),daveangle rt(541)
mas__junior rt(866),Elizabe54613335 rt(7)
mas__junior rt(866),joomikhail rt(94)
mas__junior rt(866),PelaDemocracia1 rt(16)
mas__junior rt(866),carlospiqueta rt(5)
mas__junior rt(866),professorcirino rt(121)
iolieheliane2 rt(2),fhpbsb rt(2466)
iolieheliane2 rt(2),porquenolecreo rt(4)
iolieheliane2 rt(2),J_Gondim rt(47)
Cassunungarosa rt(6),MatiGarrafa rt(319)
Cassunungarosa rt(6),ElaineG16 rt(3)
Cassunungarosa rt(6),luindarkness rt(154)
Cassunungarosa rt(6),srodriguezrey rt(0)
Cassunungarosa rt(6),elimarfotografo rt(0)
Cassunungarosa rt(6),milenereis rt(58)
Cassunungarosa rt(6),Matheus49315887 rt(300)
Cassunungarosa rt(6),acsa100 rt(0)
Cassunungarosa rt(6),ivomarcelino rt(3)
Cassunungarosa rt(6),LuciaSeffrinMar rt(12)
Cassunungarosa rt(6),diamantarusso rt(0)
Cassunungarosa rt(6),JoseVel89010744 rt(0)
Cassunungarosa rt(6),ihbela rt(9023)
Cassunungarosa rt(6),rmatosaw rt(3)
Cassunungarosa rt(6),SoniaFranchin rt(866)
Cassunungarosa rt(6),jisbarba rt(0)
Cassunungarosa rt(6),gustavonunesrio rt(16)
Cassunungarosa rt(6),EmersonChagas10 rt(0)
Cassunungarosa rt(6),liviasoares04 rt(8)
Cassunungarosa rt(6),rezarzuela rt(329)
Cassunungarosa rt(6),cauportela rt(58)
Cassunungarosa rt(6),iscoelho5046 rt(193)
Cassunungarosa rt(6),KumpaLili rt(42)
Cassunungarosa rt(6),mariaggomes461 rt(26)
Cassunungarosa rt(6),emandeb rt(2)
Cassunungarosa rt(6),HumiMadalena rt(178)
Cassunungarosa rt(6),Maxmalaguez rt(0)
Cassunungarosa rt(6),silvanacampanho rt(442)
Cassunungarosa rt(6),agneskz rt(324)
Cassunungarosa rt(6),PiroAraya rt(2)
Cassunungarosa rt(6),Elizabe20158165 rt(1870)
Cassunungarosa rt(6),iolieheliane2 rt(8)
Cassunungarosa rt(6),Paivasil rt(324)
Cassunungarosa rt(6),motter_ja rt(452)
Cassunungarosa rt(6),alvriotw rt(26)
Cassunungarosa rt(6),dwpales rt(72)
Cassunungarosa rt(6),Luciano7667 rt(324)
Cassunungarosa rt(6),Danieledcb rt(318)
Cassunungarosa rt(6),redsonmello rt(56)
Cassunungarosa rt(6),vivimuzza rt(483)
Cassunungarosa rt(6),jeffao_ctba rt(866)
Cassunungarosa rt(6),LulaParaSempre rt(324)
Cassunungarosa rt(6),pt90459313 rt(0)
Cassunungarosa rt(6),analuciavieira rt(59)
Cassunungarosa rt(6),vldrag rt(7)
Cassunungarosa rt(6),daveangle rt(541)
Cassunungarosa rt(6),Elizabe54613335 rt(7)
Cassunungarosa rt(6),joomikhail rt(94)
Cassunungarosa rt(6),Marioteweet rt(0)
Cassunungarosa rt(6),LciaPontes1 rt(40)
MatiGarrafa rt(319),milenereis rt(58)
MatiGarrafa rt(319),mariopgtu rt(0)
MatiGarrafa rt(319),ihbela rt(9023)
MatiGarrafa rt(319),gustavonunesrio rt(16)
MatiGarrafa rt(319),josetomazfilho rt(0)
MatiGarrafa rt(319),cauportela rt(58)
MatiGarrafa rt(319),mariaggomes461 rt(26)
MatiGarrafa rt(319),emandeb rt(2)
MatiGarrafa rt(319),analuciavieira rt(59)
MatiGarrafa rt(319),vldrag rt(7)
MatiGarrafa rt(319),Elizabe54613335 rt(7)
MatiGarrafa rt(319),PelaDemocracia1 rt(16)
MatiGarrafa rt(319),carlospiqueta rt(5)
MatiGarrafa rt(319),professorcirino rt(121)
mariamo43423097 rt(1),ElaineG16 rt(3)
mariamo43423097 rt(1),srodriguezrey rt(0)
mariamo43423097 rt(1),NessaGamboa rt(55)
mariamo43423097 rt(1),milenereis rt(58)
mariamo43423097 rt(1),Matheus49315887 rt(300)
mariamo43423097 rt(1),acsa100 rt(0)
mariamo43423097 rt(1),mariopgtu rt(0)
mariamo43423097 rt(1),ivomarcelino rt(3)
mariamo43423097 rt(1),LuciaSeffrinMar rt(12)
mariamo43423097 rt(1),diamantarusso rt(0)
mariamo43423097 rt(1),JoseVel89010744 rt(0)
mariamo43423097 rt(1),ihbela rt(9023)
mariamo43423097 rt(1),rmatosaw rt(3)
mariamo43423097 rt(1),gustavonunesrio rt(16)
mariamo43423097 rt(1),josetomazfilho rt(0)
mariamo43423097 rt(1),TeresaIanino4 rt(59)
mariamo43423097 rt(1),luindarkness rt(1)
mariamo43423097 rt(1),cauportela rt(58)
mariamo43423097 rt(1),ViniciusNikolod rt(0)
mariamo43423097 rt(1),KumpaLili rt(42)
mariamo43423097 rt(1),mariaggomes461 rt(26)
mariamo43423097 rt(1),emandeb rt(2)
mariamo43423097 rt(1),CarollinaRosa rt(53)
mariamo43423097 rt(1),HumiMadalena rt(178)
mariamo43423097 rt(1),PatrialivreBras rt(106)
mariamo43423097 rt(1),francildap13 rt(106)
mariamo43423097 rt(1),Cassunungarosa rt(2)
mariamo43423097 rt(1),iolieheliane2 rt(8)
mariamo43423097 rt(1),redsonmello rt(56)
mariamo43423097 rt(1),analuciavieira rt(59)
mariamo43423097 rt(1),vldrag rt(7)
mariamo43423097 rt(1),Elizabe54613335 rt(7)
mariamo43423097 rt(1),PelaDemocracia1 rt(16)
mariamo43423097 rt(1),ClauCravo rt(0)
mariamo43423097 rt(1),Marioteweet rt(0)
mariamo43423097 rt(1),carlospiqueta rt(5)
mariamo43423097 rt(1),professorcirino rt(121)
ElaineG16 rt(3),luindarkness rt(154)
ElaineG16 rt(3),2mmRiffo rt(675)
ElaineG16 rt(3),srodriguezrey rt(0)
ElaineG16 rt(3),elimarfotografo rt(0)
ElaineG16 rt(3),NessaGamboa rt(55)
ElaineG16 rt(3),milenereis rt(58)
ElaineG16 rt(3),Matheus49315887 rt(300)
ElaineG16 rt(3),acsa100 rt(0)
ElaineG16 rt(3),mariopgtu rt(0)
ElaineG16 rt(3),ivomarcelino rt(3)
ElaineG16 rt(3),LuciaSeffrinMar rt(12)
ElaineG16 rt(3),diamantarusso rt(0)
ElaineG16 rt(3),JoseVel89010744 rt(0)
ElaineG16 rt(3),ihbela rt(9023)
ElaineG16 rt(3),rmatosaw rt(3)
ElaineG16 rt(3),SoniaFranchin rt(866)
ElaineG16 rt(3),jisbarba rt(0)
ElaineG16 rt(3),gustavonunesrio rt(16)
ElaineG16 rt(3),josetomazfilho rt(0)
ElaineG16 rt(3),EmersonChagas10 rt(0)
ElaineG16 rt(3),ZakkAlex rt(0)
ElaineG16 rt(3),fabioacr rt(2192)
ElaineG16 rt(3),LciaPontes1 rt(85)
ElaineG16 rt(3),TeresaIanino4 rt(59)
ElaineG16 rt(3),liviasoares04 rt(8)
ElaineG16 rt(3),rezarzuela rt(329)
ElaineG16 rt(3),luindarkness rt(1)
ElaineG16 rt(3),cauportela rt(58)
ElaineG16 rt(3),iscoelho5046 rt(193)
ElaineG16 rt(3),ViniciusNikolod rt(0)
ElaineG16 rt(3),KumpaLili rt(42)
ElaineG16 rt(3),mariaggomes461 rt(26)
ElaineG16 rt(3),emandeb rt(2)
ElaineG16 rt(3),CarollinaRosa rt(53)
ElaineG16 rt(3),HumiMadalena rt(178)
ElaineG16 rt(3),PatrialivreBras rt(106)
ElaineG16 rt(3),francildap13 rt(106)
ElaineG16 rt(3),Maxmalaguez rt(0)
ElaineG16 rt(3),silvanacampanho rt(442)
ElaineG16 rt(3),agneskz rt(324)
ElaineG16 rt(3),PiroAraya rt(2)
ElaineG16 rt(3),Cassunungarosa rt(2)
ElaineG16 rt(3),Elizabe20158165 rt(1870)
ElaineG16 rt(3),iolieheliane2 rt(8)
ElaineG16 rt(3),Paivasil rt(324)
ElaineG16 rt(3),J_Gondim rt(47)
ElaineG16 rt(3),alvriotw rt(26)
ElaineG16 rt(3),dwpales rt(72)
ElaineG16 rt(3),Luciano7667 rt(324)
ElaineG16 rt(3),Danieledcb rt(318)
ElaineG16 rt(3),redsonmello rt(56)
ElaineG16 rt(3),vivimuzza rt(483)
ElaineG16 rt(3),jeffao_ctba rt(866)
ElaineG16 rt(3),LulaParaSempre rt(324)
ElaineG16 rt(3),LuisaAccioly rt(1104)
ElaineG16 rt(3),pt90459313 rt(0)
ElaineG16 rt(3),analuciavieira rt(59)
ElaineG16 rt(3),vldrag rt(7)
ElaineG16 rt(3),daveangle rt(541)
ElaineG16 rt(3),Elizabe54613335 rt(7)
ElaineG16 rt(3),joomikhail rt(94)
ElaineG16 rt(3),PelaDemocracia1 rt(16)
ElaineG16 rt(3),ClauCravo rt(0)
ElaineG16 rt(3),Marioteweet rt(0)
ElaineG16 rt(3),LciaPontes1 rt(40)
ElaineG16 rt(3),carlospiqueta rt(5)
ElaineG16 rt(3),professorcirino rt(121)
luindarkness rt(154),2mmRiffo rt(675)
luindarkness rt(154),srodriguezrey rt(0)
luindarkness rt(154),elimarfotografo rt(0)
luindarkness rt(154),milenereis rt(58)
luindarkness rt(154),Matheus49315887 rt(300)
luindarkness rt(154),LuciaSeffrinMar rt(12)
luindarkness rt(154),diamantarusso rt(0)
luindarkness rt(154),JoseVel89010744 rt(0)
luindarkness rt(154),ihbela rt(9023)
luindarkness rt(154),rmatosaw rt(3)
luindarkness rt(154),SoniaFranchin rt(866)
luindarkness rt(154),jisbarba rt(0)
luindarkness rt(154),gustavonunesrio rt(16)
luindarkness rt(154),josetomazfilho rt(0)
luindarkness rt(154),EmersonChagas10 rt(0)
luindarkness rt(154),ZakkAlex rt(0)
luindarkness rt(154),fabioacr rt(2192)
luindarkness rt(154),LciaPontes1 rt(85)
luindarkness rt(154),TeresaIanino4 rt(59)
luindarkness rt(154),liviasoares04 rt(8)
luindarkness rt(154),rezarzuela rt(329)
luindarkness rt(154),luindarkness rt(1)
luindarkness rt(154),cauportela rt(58)
luindarkness rt(154),iscoelho5046 rt(193)
luindarkness rt(154),KumpaLili rt(42)
luindarkness rt(154),mariaggomes461 rt(26)
luindarkness rt(154),emandeb rt(2)
luindarkness rt(154),CarollinaRosa rt(53)
luindarkness rt(154),HumiMadalena rt(178)
luindarkness rt(154),PatrialivreBras rt(106)
luindarkness rt(154),francildap13 rt(106)
luindarkness rt(154),Maxmalaguez rt(0)
luindarkness rt(154),silvanacampanho rt(442)
luindarkness rt(154),agneskz rt(324)
luindarkness rt(154),PiroAraya rt(2)
luindarkness rt(154),Elizabe20158165 rt(1870)
luindarkness rt(154),iolieheliane2 rt(8)
luindarkness rt(154),Paivasil rt(324)
luindarkness rt(154),alvriotw rt(26)
luindarkness rt(154),Luciano7667 rt(324)
luindarkness rt(154),redsonmello rt(56)
luindarkness rt(154),vivimuzza rt(483)
luindarkness rt(154),jeffao_ctba rt(866)
luindarkness rt(154),LulaParaSempre rt(324)
luindarkness rt(154),pt90459313 rt(0)
luindarkness rt(154),analuciavieira rt(59)
luindarkness rt(154),vldrag rt(7)
luindarkness rt(154),daveangle rt(541)
luindarkness rt(154),Elizabe54613335 rt(7)
luindarkness rt(154),PelaDemocracia1 rt(16)
luindarkness rt(154),ClauCravo rt(0)
luindarkness rt(154),Marioteweet rt(0)
luindarkness rt(154),professorcirino rt(121)
2mmRiffo rt(675),mariopgtu rt(0)
2mmRiffo rt(675),ivomarcelino rt(3)
2mmRiffo rt(675),Marga1Marga rt(196)
2mmRiffo rt(675),rmatosaw rt(3)
2mmRiffo rt(675),silvarem rt(343)
2mmRiffo rt(675),daveangle rt(541)
2mmRiffo rt(675),carlospiqueta rt(5)
srodriguezrey rt(0),NessaGamboa rt(55)
srodriguezrey rt(0),milenereis rt(58)
srodriguezrey rt(0),Matheus49315887 rt(300)
srodriguezrey rt(0),acsa100 rt(0)
srodriguezrey rt(0),mariopgtu rt(0)
srodriguezrey rt(0),ivomarcelino rt(3)
srodriguezrey rt(0),LuciaSeffrinMar rt(12)
srodriguezrey rt(0),diamantarusso rt(0)
srodriguezrey rt(0),JoseVel89010744 rt(0)
srodriguezrey rt(0),ihbela rt(9023)
srodriguezrey rt(0),rmatosaw rt(3)
srodriguezrey rt(0),jisbarba rt(0)
srodriguezrey rt(0),gustavonunesrio rt(16)
srodriguezrey rt(0),josetomazfilho rt(0)
srodriguezrey rt(0),TeresaIanino4 rt(59)
srodriguezrey rt(0),luindarkness rt(1)
srodriguezrey rt(0),cauportela rt(58)
srodriguezrey rt(0),ViniciusNikolod rt(0)
srodriguezrey rt(0),KumpaLili rt(42)
srodriguezrey rt(0),mariaggomes461 rt(26)
srodriguezrey rt(0),emandeb rt(2)
srodriguezrey rt(0),CarollinaRosa rt(53)
srodriguezrey rt(0),HumiMadalena rt(178)
srodriguezrey rt(0),PatrialivreBras rt(106)
srodriguezrey rt(0),francildap13 rt(106)
srodriguezrey rt(0),Cassunungarosa rt(2)
srodriguezrey rt(0),iolieheliane2 rt(8)
srodriguezrey rt(0),alvriotw rt(26)
srodriguezrey rt(0),redsonmello rt(56)
srodriguezrey rt(0),analuciavieira rt(59)
srodriguezrey rt(0),vldrag rt(7)
srodriguezrey rt(0),Elizabe54613335 rt(7)
srodriguezrey rt(0),PelaDemocracia1 rt(16)
srodriguezrey rt(0),ClauCravo rt(0)
srodriguezrey rt(0),Marioteweet rt(0)
srodriguezrey rt(0),carlospiqueta rt(5)
srodriguezrey rt(0),professorcirino rt(121)
NessaGamboa rt(55),milenereis rt(58)
NessaGamboa rt(55),Matheus49315887 rt(300)
NessaGamboa rt(55),acsa100 rt(0)
NessaGamboa rt(55),mariopgtu rt(0)
NessaGamboa rt(55),ivomarcelino rt(3)
NessaGamboa rt(55),LuciaSeffrinMar rt(12)
NessaGamboa rt(55),diamantarusso rt(0)
NessaGamboa rt(55),JoseVel89010744 rt(0)
NessaGamboa rt(55),ihbela rt(9023)
NessaGamboa rt(55),rmatosaw rt(3)
NessaGamboa rt(55),jisbarba rt(0)
NessaGamboa rt(55),gustavonunesrio rt(16)
NessaGamboa rt(55),josetomazfilho rt(0)
NessaGamboa rt(55),fabioacr rt(2192)
NessaGamboa rt(55),TeresaIanino4 rt(59)
NessaGamboa rt(55),luindarkness rt(1)
NessaGamboa rt(55),cauportela rt(58)
NessaGamboa rt(55),ViniciusNikolod rt(0)
NessaGamboa rt(55),KumpaLili rt(42)
NessaGamboa rt(55),mariaggomes461 rt(26)
NessaGamboa rt(55),emandeb rt(2)
NessaGamboa rt(55),CarollinaRosa rt(53)
NessaGamboa rt(55),HumiMadalena rt(178)
NessaGamboa rt(55),PatrialivreBras rt(106)
NessaGamboa rt(55),francildap13 rt(106)
NessaGamboa rt(55),Cassunungarosa rt(2)
NessaGamboa rt(55),iolieheliane2 rt(8)
NessaGamboa rt(55),alvriotw rt(26)
NessaGamboa rt(55),redsonmello rt(56)
NessaGamboa rt(55),analuciavieira rt(59)
NessaGamboa rt(55),vldrag rt(7)
NessaGamboa rt(55),Elizabe54613335 rt(7)
NessaGamboa rt(55),PelaDemocracia1 rt(16)
NessaGamboa rt(55),ClauCravo rt(0)
NessaGamboa rt(55),Marioteweet rt(0)
NessaGamboa rt(55),carlospiqueta rt(5)
NessaGamboa rt(55),professorcirino rt(121)
milenereis rt(58),ihbela rt(9023)
milenereis rt(58),josetomazfilho rt(0)
Matheus49315887 rt(300),acsa100 rt(0)
Matheus49315887 rt(300),mariopgtu rt(0)
Matheus49315887 rt(300),ivomarcelino rt(3)
Matheus49315887 rt(300),LuciaSeffrinMar rt(12)
Matheus49315887 rt(300),diamantarusso rt(0)
Matheus49315887 rt(300),JoseVel89010744 rt(0)
Matheus49315887 rt(300),ihbela rt(9023)
Matheus49315887 rt(300),rmatosaw rt(3)
Matheus49315887 rt(300),jisbarba rt(0)
Matheus49315887 rt(300),gustavonunesrio rt(16)
Matheus49315887 rt(300),josetomazfilho rt(0)
Matheus49315887 rt(300),TeresaIanino4 rt(59)
Matheus49315887 rt(300),luindarkness rt(1)
Matheus49315887 rt(300),cauportela rt(58)
Matheus49315887 rt(300),ViniciusNikolod rt(0)
Matheus49315887 rt(300),KumpaLili rt(42)
Matheus49315887 rt(300),mariaggomes461 rt(26)
Matheus49315887 rt(300),emandeb rt(2)
Matheus49315887 rt(300),CarollinaRosa rt(53)
Matheus49315887 rt(300),HumiMadalena rt(178)
Matheus49315887 rt(300),PatrialivreBras rt(106)
Matheus49315887 rt(300),francildap13 rt(106)
Matheus49315887 rt(300),Cassunungarosa rt(2)
Matheus49315887 rt(300),iolieheliane2 rt(8)
Matheus49315887 rt(300),alvriotw rt(26)
Matheus49315887 rt(300),redsonmello rt(56)
Matheus49315887 rt(300),analuciavieira rt(59)
Matheus49315887 rt(300),vldrag rt(7)
Matheus49315887 rt(300),Elizabe54613335 rt(7)
Matheus49315887 rt(300),PelaDemocracia1 rt(16)
Matheus49315887 rt(300),ClauCravo rt(0)
Matheus49315887 rt(300),Marioteweet rt(0)
Matheus49315887 rt(300),carlospiqueta rt(5)
Matheus49315887 rt(300),professorcirino rt(121)
Herege rt(173),mariopgtu rt(0)
Herege rt(173),JoseVel89010744 rt(0)
Herege rt(173),SoniaFranchin rt(866)
Herege rt(173),EmersonChagas10 rt(0)
Herege rt(173),fhpbsb rt(2466)
Herege rt(173),jeffao_ctba rt(866)
Herege rt(173),ClauCravo rt(0)
Herege rt(173),LciaPontes1 rt(40)
acsa100 rt(0),mariopgtu rt(0)
acsa100 rt(0),ihbela rt(9023)
acsa100 rt(0),gustavonunesrio rt(16)
acsa100 rt(0),josetomazfilho rt(0)
acsa100 rt(0),jufreitasss rt(950)
acsa100 rt(0),cauportela rt(58)
acsa100 rt(0),mariaggomes461 rt(26)
acsa100 rt(0),analuciavieira rt(59)
acsa100 rt(0),Elizabe54613335 rt(7)
acsa100 rt(0),carlospiqueta rt(5)
mariopgtu rt(0),ihbela rt(9023)
mariopgtu rt(0),josetomazfilho rt(0)
mariopgtu rt(0),cauportela rt(58)
ivomarcelino rt(3),LuciaSeffrinMar rt(12)
ivomarcelino rt(3),diamantarusso rt(0)
ivomarcelino rt(3),JoseVel89010744 rt(0)
ivomarcelino rt(3),ihbela rt(9023)
ivomarcelino rt(3),jisbarba rt(0)
ivomarcelino rt(3),gustavonunesrio rt(16)
ivomarcelino rt(3),josetomazfilho rt(0)
ivomarcelino rt(3),TeresaIanino4 rt(59)
ivomarcelino rt(3),cauportela rt(58)
ivomarcelino rt(3),KumpaLili rt(42)
ivomarcelino rt(3),mariaggomes461 rt(26)
ivomarcelino rt(3),CarollinaRosa rt(53)
ivomarcelino rt(3),HumiMadalena rt(178)
ivomarcelino rt(3),PatrialivreBras rt(106)
ivomarcelino rt(3),francildap13 rt(106)
ivomarcelino rt(3),Cassunungarosa rt(2)
ivomarcelino rt(3),iolieheliane2 rt(8)
ivomarcelino rt(3),redsonmello rt(56)
ivomarcelino rt(3),analuciavieira rt(59)
ivomarcelino rt(3),vldrag rt(7)
ivomarcelino rt(3),Elizabe54613335 rt(7)
ivomarcelino rt(3),PelaDemocracia1 rt(16)
ivomarcelino rt(3),Marioteweet rt(0)
ivomarcelino rt(3),carlospiqueta rt(5)
ivomarcelino rt(3),professorcirino rt(121)
LuciaSeffrinMar rt(12),diamantarusso rt(0)
LuciaSeffrinMar rt(12),JoseVel89010744 rt(0)
LuciaSeffrinMar rt(12),ihbela rt(9023)
LuciaSeffrinMar rt(12),rmatosaw rt(3)
LuciaSeffrinMar rt(12),gustavonunesrio rt(16)
LuciaSeffrinMar rt(12),josetomazfilho rt(0)
LuciaSeffrinMar rt(12),TeresaIanino4 rt(59)
LuciaSeffrinMar rt(12),luindarkness rt(1)
LuciaSeffrinMar rt(12),cauportela rt(58)
LuciaSeffrinMar rt(12),ViniciusNikolod rt(0)
LuciaSeffrinMar rt(12),KumpaLili rt(42)
LuciaSeffrinMar rt(12),mariaggomes461 rt(26)
LuciaSeffrinMar rt(12),emandeb rt(2)
LuciaSeffrinMar rt(12),CarollinaRosa rt(53)
LuciaSeffrinMar rt(12),HumiMadalena rt(178)
LuciaSeffrinMar rt(12),PatrialivreBras rt(106)
LuciaSeffrinMar rt(12),francildap13 rt(106)
LuciaSeffrinMar rt(12),Cassunungarosa rt(2)
LuciaSeffrinMar rt(12),iolieheliane2 rt(8)
LuciaSeffrinMar rt(12),redsonmello rt(56)
LuciaSeffrinMar rt(12),analuciavieira rt(59)
LuciaSeffrinMar rt(12),vldrag rt(7)
LuciaSeffrinMar rt(12),Elizabe54613335 rt(7)
LuciaSeffrinMar rt(12),PelaDemocracia1 rt(16)
LuciaSeffrinMar rt(12),ClauCravo rt(0)
LuciaSeffrinMar rt(12),Marioteweet rt(0)
LuciaSeffrinMar rt(12),carlospiqueta rt(5)
LuciaSeffrinMar rt(12),professorcirino rt(121)
diamantarusso rt(0),josetomazfilho rt(0)
JoseVel89010744 rt(0),ihbela rt(9023)
JoseVel89010744 rt(0),rmatosaw rt(3)
JoseVel89010744 rt(0),jisbarba rt(0)
JoseVel89010744 rt(0),gustavonunesrio rt(16)
JoseVel89010744 rt(0),josetomazfilho rt(0)
JoseVel89010744 rt(0),TeresaIanino4 rt(59)
JoseVel89010744 rt(0),luindarkness rt(1)
JoseVel89010744 rt(0),cauportela rt(58)
JoseVel89010744 rt(0),ViniciusNikolod rt(0)
JoseVel89010744 rt(0),KumpaLili rt(42)
JoseVel89010744 rt(0),mariaggomes461 rt(26)
JoseVel89010744 rt(0),emandeb rt(2)
JoseVel89010744 rt(0),CarollinaRosa rt(53)
JoseVel89010744 rt(0),HumiMadalena rt(178)
JoseVel89010744 rt(0),PatrialivreBras rt(106)
JoseVel89010744 rt(0),francildap13 rt(106)
JoseVel89010744 rt(0),Cassunungarosa rt(2)
JoseVel89010744 rt(0),iolieheliane2 rt(8)
JoseVel89010744 rt(0),alvriotw rt(26)
JoseVel89010744 rt(0),redsonmello rt(56)
JoseVel89010744 rt(0),pt90459313 rt(0)
JoseVel89010744 rt(0),analuciavieira rt(59)
JoseVel89010744 rt(0),vldrag rt(7)
JoseVel89010744 rt(0),Elizabe54613335 rt(7)
JoseVel89010744 rt(0),PelaDemocracia1 rt(16)
JoseVel89010744 rt(0),ClauCravo rt(0)
JoseVel89010744 rt(0),Marioteweet rt(0)
JoseVel89010744 rt(0),carlospiqueta rt(5)
JoseVel89010744 rt(0),professorcirino rt(121)
Marga1Marga rt(196),gustavonunesrio rt(16)
Marga1Marga rt(196),agneskz rt(324)
Marga1Marga rt(196),Paivasil rt(324)
Marga1Marga rt(196),Luciano7667 rt(324)
Marga1Marga rt(196),LulaParaSempre rt(324)
ihbela rt(9023),cauportela rt(58)
rmatosaw rt(3),jisbarba rt(0)
rmatosaw rt(3),gustavonunesrio rt(16)
rmatosaw rt(3),josetomazfilho rt(0)
rmatosaw rt(3),TeresaIanino4 rt(59)
rmatosaw rt(3),luindarkness rt(1)
rmatosaw rt(3),cauportela rt(58)
rmatosaw rt(3),ViniciusNikolod rt(0)
rmatosaw rt(3),KumpaLili rt(42)
rmatosaw rt(3),mariaggomes461 rt(26)
rmatosaw rt(3),emandeb rt(2)
rmatosaw rt(3),CarollinaRosa rt(53)
rmatosaw rt(3),HumiMadalena rt(178)
rmatosaw rt(3),PatrialivreBras rt(106)
rmatosaw rt(3),francildap13 rt(106)
rmatosaw rt(3),Cassunungarosa rt(2)
rmatosaw rt(3),iolieheliane2 rt(8)
rmatosaw rt(3),alvriotw rt(26)
rmatosaw rt(3),redsonmello rt(56)
rmatosaw rt(3),analuciavieira rt(59)
rmatosaw rt(3),vldrag rt(7)
rmatosaw rt(3),Elizabe54613335 rt(7)
rmatosaw rt(3),PelaDemocracia1 rt(16)
rmatosaw rt(3),ClauCravo rt(0)
rmatosaw rt(3),Marioteweet rt(0)
rmatosaw rt(3),carlospiqueta rt(5)
rmatosaw rt(3),professorcirino rt(121)
SoniaFranchin rt(866),jisbarba rt(0)
SoniaFranchin rt(866),gustavonunesrio rt(16)
SoniaFranchin rt(866),josetomazfilho rt(0)
SoniaFranchin rt(866),EmersonChagas10 rt(0)
SoniaFranchin rt(866),ZakkAlex rt(0)
SoniaFranchin rt(866),fabioacr rt(2192)
SoniaFranchin rt(866),LciaPontes1 rt(85)
SoniaFranchin rt(866),TeresaIanino4 rt(59)
SoniaFranchin rt(866),liviasoares04 rt(8)
SoniaFranchin rt(866),rezarzuela rt(329)
SoniaFranchin rt(866),luindarkness rt(1)
SoniaFranchin rt(866),cauportela rt(58)
SoniaFranchin rt(866),iscoelho5046 rt(193)
SoniaFranchin rt(866),KumpaLili rt(42)
SoniaFranchin rt(866),mariaggomes461 rt(26)
SoniaFranchin rt(866),emandeb rt(2)
SoniaFranchin rt(866),CarollinaRosa rt(53)
SoniaFranchin rt(866),HumiMadalena rt(178)
SoniaFranchin rt(866),PatrialivreBras rt(106)
SoniaFranchin rt(866),francildap13 rt(106)
SoniaFranchin rt(866),Maxmalaguez rt(0)
SoniaFranchin rt(866),silvanacampanho rt(442)
SoniaFranchin rt(866),agneskz rt(324)
SoniaFranchin rt(866),Elizabe20158165 rt(1870)
SoniaFranchin rt(866),iolieheliane2 rt(8)
SoniaFranchin rt(866),Paivasil rt(324)
SoniaFranchin rt(866),motter_ja rt(452)
SoniaFranchin rt(866),Luciano7667 rt(324)
SoniaFranchin rt(866),vivimuzza rt(483)
SoniaFranchin rt(866),LulaParaSempre rt(324)
SoniaFranchin rt(866),pt90459313 rt(0)
SoniaFranchin rt(866),analuciavieira rt(59)
SoniaFranchin rt(866),vldrag rt(7)
SoniaFranchin rt(866),daveangle rt(541)
SoniaFranchin rt(866),Elizabe54613335 rt(7)
SoniaFranchin rt(866),joomikhail rt(94)
SoniaFranchin rt(866),PelaDemocracia1 rt(16)
SoniaFranchin rt(866),carlospiqueta rt(5)
SoniaFranchin rt(866),professorcirino rt(121)
danielnoticia79 rt(105),Maxmalaguez rt(0)
danielnoticia79 rt(105),PiroAraya rt(2)
danielnoticia79 rt(105),daveangle rt(541)
danielnoticia79 rt(105),carlospiqueta rt(5)
jisbarba rt(0),gustavonunesrio rt(16)
jisbarba rt(0),josetomazfilho rt(0)
jisbarba rt(0),mariaggomes461 rt(26)
jisbarba rt(0),HumiMadalena rt(178)
jisbarba rt(0),iolieheliane2 rt(8)
jisbarba rt(0),analuciavieira rt(59)
jisbarba rt(0),Elizabe54613335 rt(7)
gustavonunesrio rt(16),josetomazfilho rt(0)
gustavonunesrio rt(16),cauportela rt(58)
gustavonunesrio rt(16),mariaggomes461 rt(26)
gustavonunesrio rt(16),emandeb rt(2)
gustavonunesrio rt(16),HumiMadalena rt(178)
gustavonunesrio rt(16),Cassunungarosa rt(2)
gustavonunesrio rt(16),iolieheliane2 rt(8)
gustavonunesrio rt(16),analuciavieira rt(59)
gustavonunesrio rt(16),vldrag rt(7)
gustavonunesrio rt(16),Elizabe54613335 rt(7)
gustavonunesrio rt(16),PelaDemocracia1 rt(16)
gustavonunesrio rt(16),Marioteweet rt(0)
gustavonunesrio rt(16),carlospiqueta rt(5)
gustavonunesrio rt(16),professorcirino rt(121)
josetomazfilho rt(0),cauportela rt(58)
EmersonChagas10 rt(0),GolpeNuncaMais rt(225)
ZakkAlex rt(0),pt90459313 rt(0)
fabioacr rt(2192),ViniciusNikolod rt(0)
fabioacr rt(2192),iolieheliane2 rt(8)
fabioacr rt(2192),motter_ja rt(452)
LciaPontes1 rt(85),motter_ja rt(452)
TeresaIanino4 rt(59),luindarkness rt(1)
TeresaIanino4 rt(59),cauportela rt(58)
TeresaIanino4 rt(59),ViniciusNikolod rt(0)
TeresaIanino4 rt(59),KumpaLili rt(42)
TeresaIanino4 rt(59),mariaggomes461 rt(26)
TeresaIanino4 rt(59),emandeb rt(2)
TeresaIanino4 rt(59),CarollinaRosa rt(53)
TeresaIanino4 rt(59),HumiMadalena rt(178)
TeresaIanino4 rt(59),PatrialivreBras rt(106)
TeresaIanino4 rt(59),francildap13 rt(106)
TeresaIanino4 rt(59),Cassunungarosa rt(2)
TeresaIanino4 rt(59),iolieheliane2 rt(8)
TeresaIanino4 rt(59),alvriotw rt(26)
TeresaIanino4 rt(59),redsonmello rt(56)
TeresaIanino4 rt(59),LuisaAccioly rt(1104)
TeresaIanino4 rt(59),analuciavieira rt(59)
TeresaIanino4 rt(59),vldrag rt(7)
TeresaIanino4 rt(59),Elizabe54613335 rt(7)
TeresaIanino4 rt(59),PelaDemocracia1 rt(16)
TeresaIanino4 rt(59),ClauCravo rt(0)
TeresaIanino4 rt(59),Marioteweet rt(0)
TeresaIanino4 rt(59),carlospiqueta rt(5)
TeresaIanino4 rt(59),professorcirino rt(121)
liviasoares04 rt(8),HumiMadalena rt(178)
rezarzuela rt(329),silvarem rt(343)
rezarzuela rt(329),motter_ja rt(452)
rezarzuela rt(329),Danieledcb rt(318)
rezarzuela rt(329),Jaimme20 rt(378)
luindarkness rt(1),cauportela rt(58)
luindarkness rt(1),ViniciusNikolod rt(0)
luindarkness rt(1),KumpaLili rt(42)
luindarkness rt(1),mariaggomes461 rt(26)
luindarkness rt(1),emandeb rt(2)
luindarkness rt(1),CarollinaRosa rt(53)
luindarkness rt(1),HumiMadalena rt(178)
luindarkness rt(1),Cassunungarosa rt(2)
luindarkness rt(1),iolieheliane2 rt(8)
luindarkness rt(1),alvriotw rt(26)
luindarkness rt(1),redsonmello rt(56)
luindarkness rt(1),analuciavieira rt(59)
luindarkness rt(1),vldrag rt(7)
luindarkness rt(1),Elizabe54613335 rt(7)
luindarkness rt(1),PelaDemocracia1 rt(16)
luindarkness rt(1),ClauCravo rt(0)
luindarkness rt(1),Marioteweet rt(0)
luindarkness rt(1),professorcirino rt(121)
fhpbsb rt(2466),iscoelho5046 rt(193)
fhpbsb rt(2466),porquenolecreo rt(4)
fhpbsb rt(2466),KumpaLili rt(42)
fhpbsb rt(2466),HumiMadalena rt(178)
fhpbsb rt(2466),Maxmalaguez rt(0)
fhpbsb rt(2466),silvanacampanho rt(442)
fhpbsb rt(2466),alvriotw rt(26)
fhpbsb rt(2466),Marioteweet rt(0)
iscoelho5046 rt(193),ViniciusNikolod rt(0)
iscoelho5046 rt(193),Maxmalaguez rt(0)
iscoelho5046 rt(193),Elizabe20158165 rt(1870)
iscoelho5046 rt(193),motter_ja rt(452)
iscoelho5046 rt(193),pt90459313 rt(0)
porquenolecreo rt(4),silvarem rt(343)
porquenolecreo rt(4),CarollinaRosa rt(53)
porquenolecreo rt(4),agneskz rt(324)
porquenolecreo rt(4),Elizabe20158165 rt(1870)
porquenolecreo rt(4),Paivasil rt(324)
porquenolecreo rt(4),Luciano7667 rt(324)
porquenolecreo rt(4),redsonmello rt(56)
porquenolecreo rt(4),vivimuzza rt(483)
porquenolecreo rt(4),LulaParaSempre rt(324)
porquenolecreo rt(4),analuciavieira rt(59)
porquenolecreo rt(4),GolpeNuncaMais rt(225)
porquenolecreo rt(4),Jaimme20 rt(378)
silvarem rt(343),Danieledcb rt(318)
silvarem rt(343),jeffao_ctba rt(866)
silvarem rt(343),pt90459313 rt(0)
silvarem rt(343),professorcirino rt(121)
ViniciusNikolod rt(0),KumpaLili rt(42)
ViniciusNikolod rt(0),mariaggomes461 rt(26)
ViniciusNikolod rt(0),emandeb rt(2)
ViniciusNikolod rt(0),CarollinaRosa rt(53)
ViniciusNikolod rt(0),HumiMadalena rt(178)
ViniciusNikolod rt(0),PatrialivreBras rt(106)
ViniciusNikolod rt(0),francildap13 rt(106)
ViniciusNikolod rt(0),Cassunungarosa rt(2)
ViniciusNikolod rt(0),iolieheliane2 rt(8)
ViniciusNikolod rt(0),alvriotw rt(26)
ViniciusNikolod rt(0),redsonmello rt(56)
ViniciusNikolod rt(0),analuciavieira rt(59)
ViniciusNikolod rt(0),vldrag rt(7)
ViniciusNikolod rt(0),Elizabe54613335 rt(7)
ViniciusNikolod rt(0),PelaDemocracia1 rt(16)
ViniciusNikolod rt(0),ClauCravo rt(0)
ViniciusNikolod rt(0),Marioteweet rt(0)
ViniciusNikolod rt(0),carlospiqueta rt(5)
ViniciusNikolod rt(0),professorcirino rt(121)
KumpaLili rt(42),mariaggomes461 rt(26)
KumpaLili rt(42),emandeb rt(2)
KumpaLili rt(42),CarollinaRosa rt(53)
KumpaLili rt(42),HumiMadalena rt(178)
KumpaLili rt(42),PatrialivreBras rt(106)
KumpaLili rt(42),francildap13 rt(106)
KumpaLili rt(42),Cassunungarosa rt(2)
KumpaLili rt(42),iolieheliane2 rt(8)
KumpaLili rt(42),alvriotw rt(26)
KumpaLili rt(42),redsonmello rt(56)
KumpaLili rt(42),analuciavieira rt(59)
KumpaLili rt(42),vldrag rt(7)
KumpaLili rt(42),Elizabe54613335 rt(7)
KumpaLili rt(42),PelaDemocracia1 rt(16)
KumpaLili rt(42),ClauCravo rt(0)
KumpaLili rt(42),Marioteweet rt(0)
KumpaLili rt(42),carlospiqueta rt(5)
KumpaLili rt(42),professorcirino rt(121)
mariaggomes461 rt(26),emandeb rt(2)
mariaggomes461 rt(26),CarollinaRosa rt(53)
mariaggomes461 rt(26),HumiMadalena rt(178)
mariaggomes461 rt(26),Cassunungarosa rt(2)
mariaggomes461 rt(26),iolieheliane2 rt(8)
mariaggomes461 rt(26),analuciavieira rt(59)
mariaggomes461 rt(26),vldrag rt(7)
mariaggomes461 rt(26),Elizabe54613335 rt(7)
mariaggomes461 rt(26),PelaDemocracia1 rt(16)
mariaggomes461 rt(26),Marioteweet rt(0)
mariaggomes461 rt(26),carlospiqueta rt(5)
mariaggomes461 rt(26),professorcirino rt(121)
emandeb rt(2),CarollinaRosa rt(53)
emandeb rt(2),HumiMadalena rt(178)
emandeb rt(2),Cassunungarosa rt(2)
emandeb rt(2),iolieheliane2 rt(8)
emandeb rt(2),redsonmello rt(56)
emandeb rt(2),analuciavieira rt(59)
emandeb rt(2),vldrag rt(7)
emandeb rt(2),Elizabe54613335 rt(7)
emandeb rt(2),PelaDemocracia1 rt(16)
emandeb rt(2),ClauCravo rt(0)
emandeb rt(2),Marioteweet rt(0)
emandeb rt(2),carlospiqueta rt(5)
emandeb rt(2),professorcirino rt(121)
CarollinaRosa rt(53),HumiMadalena rt(178)
CarollinaRosa rt(53),PatrialivreBras rt(106)
CarollinaRosa rt(53),francildap13 rt(106)
CarollinaRosa rt(53),Cassunungarosa rt(2)
CarollinaRosa rt(53),iolieheliane2 rt(8)
CarollinaRosa rt(53),alvriotw rt(26)
CarollinaRosa rt(53),redsonmello rt(56)
CarollinaRosa rt(53),analuciavieira rt(59)
CarollinaRosa rt(53),vldrag rt(7)
CarollinaRosa rt(53),Elizabe54613335 rt(7)
CarollinaRosa rt(53),PelaDemocracia1 rt(16)
CarollinaRosa rt(53),ClauCravo rt(0)
CarollinaRosa rt(53),Marioteweet rt(0)
CarollinaRosa rt(53),carlospiqueta rt(5)
PatrialivreBras rt(106),Cassunungarosa rt(2)
PatrialivreBras rt(106),iolieheliane2 rt(8)
PatrialivreBras rt(106),alvriotw rt(26)
PatrialivreBras rt(106),analuciavieira rt(59)
PatrialivreBras rt(106),vldrag rt(7)
PatrialivreBras rt(106),Elizabe54613335 rt(7)
PatrialivreBras rt(106),PelaDemocracia1 rt(16)
PatrialivreBras rt(106),ClauCravo rt(0)
PatrialivreBras rt(106),Marioteweet rt(0)
PatrialivreBras rt(106),professorcirino rt(121)
francildap13 rt(106),Cassunungarosa rt(2)
francildap13 rt(106),iolieheliane2 rt(8)
francildap13 rt(106),alvriotw rt(26)
francildap13 rt(106),analuciavieira rt(59)
francildap13 rt(106),vldrag rt(7)
francildap13 rt(106),Elizabe54613335 rt(7)
francildap13 rt(106),PelaDemocracia1 rt(16)
francildap13 rt(106),ClauCravo rt(0)
francildap13 rt(106),Marioteweet rt(0)
francildap13 rt(106),professorcirino rt(121)
Maxmalaguez rt(0),Jaimme20 rt(378)
Maxmalaguez rt(0),ClauCravo rt(0)
ISialer rt(90),agneskz rt(324)
ISialer rt(90),Paivasil rt(324)
ISialer rt(90),alvriotw rt(26)
ISialer rt(90),Luciano7667 rt(324)
ISialer rt(90),jeffao_ctba rt(866)
ISialer rt(90),LulaParaSempre rt(324)
ISialer rt(90),daveangle rt(541)
ISialer rt(90),joomikhail rt(94)
ISialer rt(90),LciaPontes1 rt(40)
silvanacampanho rt(442),PiroAraya rt(2)
silvanacampanho rt(442),alvriotw rt(26)
silvanacampanho rt(442),pt90459313 rt(0)
silvanacampanho rt(442),ClauCravo rt(0)
agneskz rt(324),Elizabe20158165 rt(1870)
agneskz rt(324),iolieheliane2 rt(8)
agneskz rt(324),alvriotw rt(26)
agneskz rt(324),dwpales rt(72)
agneskz rt(324),Danieledcb rt(318)
agneskz rt(324),redsonmello rt(56)
agneskz rt(324),vivimuzza rt(483)
agneskz rt(324),jeffao_ctba rt(866)
agneskz rt(324),pt90459313 rt(0)
agneskz rt(324),analuciavieira rt(59)
agneskz rt(324),vldrag rt(7)
agneskz rt(324),Elizabe54613335 rt(7)
agneskz rt(324),PelaDemocracia1 rt(16)
agneskz rt(324),LciaPontes1 rt(40)
agneskz rt(324),carlospiqueta rt(5)
agneskz rt(324),professorcirino rt(121)
PiroAraya rt(2),Elizabe20158165 rt(1870)
PiroAraya rt(2),J_Gondim rt(47)
PiroAraya rt(2),Danieledcb rt(318)
PiroAraya rt(2),redsonmello rt(56)
PiroAraya rt(2),vivimuzza rt(483)
PiroAraya rt(2),pt90459313 rt(0)
PiroAraya rt(2),daveangle rt(541)
PiroAraya rt(2),Elizabe54613335 rt(7)
PiroAraya rt(2),GolpeNuncaMais rt(225)
PiroAraya rt(2),PelaDemocracia1 rt(16)
PiroAraya rt(2),Marioteweet rt(0)
PiroAraya rt(2),LciaPontes1 rt(40)
PiroAraya rt(2),carlospiqueta rt(5)
PiroAraya rt(2),professorcirino rt(121)
Cassunungarosa rt(2),iolieheliane2 rt(8)
Cassunungarosa rt(2),redsonmello rt(56)
Cassunungarosa rt(2),analuciavieira rt(59)
Cassunungarosa rt(2),vldrag rt(7)
Cassunungarosa rt(2),Elizabe54613335 rt(7)
Cassunungarosa rt(2),PelaDemocracia1 rt(16)
Cassunungarosa rt(2),ClauCravo rt(0)
Cassunungarosa rt(2),Marioteweet rt(0)
Cassunungarosa rt(2),carlospiqueta rt(5)
Cassunungarosa rt(2),professorcirino rt(121)
Paivasil rt(324),alvriotw rt(26)
Paivasil rt(324),dwpales rt(72)
Paivasil rt(324),Danieledcb rt(318)
Paivasil rt(324),redsonmello rt(56)
Paivasil rt(324),vivimuzza rt(483)
Paivasil rt(324),jeffao_ctba rt(866)
Paivasil rt(324),pt90459313 rt(0)
Paivasil rt(324),analuciavieira rt(59)
Paivasil rt(324),vldrag rt(7)
Paivasil rt(324),Elizabe54613335 rt(7)
Paivasil rt(324),PelaDemocracia1 rt(16)
Paivasil rt(324),LciaPontes1 rt(40)
Paivasil rt(324),carlospiqueta rt(5)
Paivasil rt(324),professorcirino rt(121)
motter_ja rt(452),Luiz_Brunozi rt(941)
J_Gondim rt(47),Elizabe54613335 rt(7)
J_Gondim rt(47),GolpeNuncaMais rt(225)
J_Gondim rt(47),carlospiqueta rt(5)
Luiz_Brunozi rt(941),dwpales rt(72)
Luiz_Brunozi rt(941),Danieledcb rt(318)
Luiz_Brunozi rt(941),redsonmello rt(56)
Luiz_Brunozi rt(941),jeffao_ctba rt(866)
Luiz_Brunozi rt(941),analuciavieira rt(59)
Luiz_Brunozi rt(941),Elizabe54613335 rt(7)
Luiz_Brunozi rt(941),GolpeNuncaMais rt(225)
Luiz_Brunozi rt(941),Jaimme20 rt(378)
Luiz_Brunozi rt(941),LciaPontes1 rt(40)
alvriotw rt(26),kika4098 rt(217)
alvriotw rt(26),Danieledcb rt(318)
alvriotw rt(26),redsonmello rt(56)
alvriotw rt(26),jeffao_ctba rt(866)
alvriotw rt(26),LuisaAccioly rt(1104)
alvriotw rt(26),analuciavieira rt(59)
alvriotw rt(26),vldrag rt(7)
alvriotw rt(26),Elizabe54613335 rt(7)
alvriotw rt(26),PelaDemocracia1 rt(16)
alvriotw rt(26),ClauCravo rt(0)
alvriotw rt(26),Marioteweet rt(0)
alvriotw rt(26),LciaPontes1 rt(40)
alvriotw rt(26),carlospiqueta rt(5)
alvriotw rt(26),professorcirino rt(121)
alvriotw rt(26),OnCorretor rt(25)
dwpales rt(72),Luciano7667 rt(324)
dwpales rt(72),Danieledcb rt(318)
dwpales rt(72),vivimuzza rt(483)
dwpales rt(72),LulaParaSempre rt(324)
dwpales rt(72),pt90459313 rt(0)
dwpales rt(72),analuciavieira rt(59)
dwpales rt(72),vldrag rt(7)
dwpales rt(72),daveangle rt(541)
dwpales rt(72),Elizabe54613335 rt(7)
dwpales rt(72),joomikhail rt(94)
dwpales rt(72),PelaDemocracia1 rt(16)
dwpales rt(72),Marioteweet rt(0)
dwpales rt(72),carlospiqueta rt(5)
dwpales rt(72),professorcirino rt(121)
Luciano7667 rt(324),Danieledcb rt(318)
Luciano7667 rt(324),redsonmello rt(56)
Luciano7667 rt(324),vivimuzza rt(483)
Luciano7667 rt(324),jeffao_ctba rt(866)
Luciano7667 rt(324),pt90459313 rt(0)
Luciano7667 rt(324),analuciavieira rt(59)
Luciano7667 rt(324),vldrag rt(7)
Luciano7667 rt(324),Elizabe54613335 rt(7)
Luciano7667 rt(324),PelaDemocracia1 rt(16)
Luciano7667 rt(324),LciaPontes1 rt(40)
Luciano7667 rt(324),carlospiqueta rt(5)
Luciano7667 rt(324),professorcirino rt(121)
kika4098 rt(217),LulaParaSempre rt(324)
Danieledcb rt(318),analuciavieira rt(59)
Danieledcb rt(318),vldrag rt(7)
Danieledcb rt(318),PelaDemocracia1 rt(16)
Danieledcb rt(318),carlospiqueta rt(5)
Smile9Puppy rt(15),ClauCravo rt(0)
redsonmello rt(56),analuciavieira rt(59)
redsonmello rt(56),vldrag rt(7)
redsonmello rt(56),Elizabe54613335 rt(7)
redsonmello rt(56),PelaDemocracia1 rt(16)
redsonmello rt(56),ClauCravo rt(0)
redsonmello rt(56),Marioteweet rt(0)
redsonmello rt(56),carlospiqueta rt(5)
redsonmello rt(56),professorcirino rt(121)
jeffao_ctba rt(866),LulaParaSempre rt(324)
jeffao_ctba rt(866),pt90459313 rt(0)
jeffao_ctba rt(866),analuciavieira rt(59)
jeffao_ctba rt(866),vldrag rt(7)
jeffao_ctba rt(866),daveangle rt(541)
jeffao_ctba rt(866),Elizabe54613335 rt(7)
jeffao_ctba rt(866),joomikhail rt(94)
jeffao_ctba rt(866),PelaDemocracia1 rt(16)
jeffao_ctba rt(866),carlospiqueta rt(5)
jeffao_ctba rt(866),professorcirino rt(121)
LulaParaSempre rt(324),pt90459313 rt(0)
LulaParaSempre rt(324),analuciavieira rt(59)
LulaParaSempre rt(324),vldrag rt(7)
LulaParaSempre rt(324),Elizabe54613335 rt(7)
LulaParaSempre rt(324),PelaDemocracia1 rt(16)
LulaParaSempre rt(324),LciaPontes1 rt(40)
LulaParaSempre rt(324),carlospiqueta rt(5)
LulaParaSempre rt(324),professorcirino rt(121)
LuisaAccioly rt(1104),pt90459313 rt(0)
LuisaAccioly rt(1104),analuciavieira rt(59)
LuisaAccioly rt(1104),vldrag rt(7)
LuisaAccioly rt(1104),daveangle rt(541)
LuisaAccioly rt(1104),Elizabe54613335 rt(7)
LuisaAccioly rt(1104),joomikhail rt(94)
LuisaAccioly rt(1104),PelaDemocracia1 rt(16)
LuisaAccioly rt(1104),ClauCravo rt(0)
LuisaAccioly rt(1104),Marioteweet rt(0)
LuisaAccioly rt(1104),carlospiqueta rt(5)
LuisaAccioly rt(1104),professorcirino rt(121)
analuciavieira rt(59),vldrag rt(7)
analuciavieira rt(59),Elizabe54613335 rt(7)
analuciavieira rt(59),PelaDemocracia1 rt(16)
analuciavieira rt(59),Marioteweet rt(0)
analuciavieira rt(59),carlospiqueta rt(5)
analuciavieira rt(59),professorcirino rt(121)
vldrag rt(7),Elizabe54613335 rt(7)
vldrag rt(7),PelaDemocracia1 rt(16)
vldrag rt(7),ClauCravo rt(0)
vldrag rt(7),Marioteweet rt(0)
vldrag rt(7),carlospiqueta rt(5)
vldrag rt(7),professorcirino rt(121)
Elizabe54613335 rt(7),PelaDemocracia1 rt(16)
Elizabe54613335 rt(7),carlospiqueta rt(5)
GolpeNuncaMais rt(225),Jaimme20 rt(378)
GolpeNuncaMais rt(225),joomikhail rt(94)
GolpeNuncaMais rt(225),LciaPontes1 rt(40)
Jaimme20 rt(378),joomikhail rt(94)
joomikhail rt(94),PelaDemocracia1 rt(16)
PelaDemocracia1 rt(16),ClauCravo rt(0)
PelaDemocracia1 rt(16),Marioteweet rt(0)
PelaDemocracia1 rt(16),carlospiqueta rt(5)
PelaDemocracia1 rt(16),professorcirino rt(121)
eash1973 rt(90),LciaPontes1 rt(40)
ClauCravo rt(0),Marioteweet rt(0)
ClauCravo rt(0),carlospiqueta rt(5)
ClauCravo rt(0),professorcirino rt(121)
Marioteweet rt(0),carlospiqueta rt(5)
Marioteweet rt(0),professorcirino rt(121)
LciaPontes1 rt(40),carlospiqueta rt(5)
carlospiqueta rt(5),professorcirino rt(121)
